<?xml version="1.0" encoding="UTF-8"?>

<!DOCTYPE application PUBLIC
 '-//Sun Microsystems, Inc.//DTD J2EE Application 1.3//EN'
 'http://java.sun.com/dtd/application_1_3.dtd'>

<application>
  <display-name>Medical Records Patient Application</display-name>
  <description>Medical Records Patient Application</description>
  <module>
    <web>
      <web-uri>adminWebApp</web-uri>
      <context-root>admin</context-root>
    </web>
  </module>
  <module>
    <web>
      <web-uri>mainWebApp</web-uri>
      <context-root>/</context-root>
    </web>
  </module>
  <module>
    <web>
      <web-uri>patientWebApp</web-uri>
      <context-root>patient</context-root>
    </web>
  </module>
  <module>
    <ejb>entityEjbs</ejb>
  </module>
  <module>
    <ejb>mdbEjbs</ejb>
  </module>
  <module>
    <ejb>sessionEjbs</ejb>
  </module>
  <module>
    <ejb>webServicesEjb</ejb>
  </module>
  <module>
    <web>
      <web-uri>ws_medrec</web-uri>
      <context-root>ws_medrec</context-root>
    </web>
  </module>
</application>

