<?xml version="1.0" encoding="UTF-8"?>

<!DOCTYPE application PUBLIC '-//Sun Microsystems, Inc.//DTD J2EE Application 1.3//EN' 'http://java.sun.com/dtd/application_1_3.dtd'>

<application>
  <display-name>Medical Records Physician Application</display-name>
  <description>Medical Records Physician Application</description>
  <module>
    <ejb>physSessionEjbs</ejb>
  </module>
  <module>
    <web>
      <web-uri>physicianWebApp</web-uri>
      <context-root>physician</context-root>
    </web>
  </module>
</application>

