<?xml version="1.0" encoding="UTF-8"?>

<!DOCTYPE application PUBLIC
 '-//Sun Microsystems, Inc.//DTD J2EE Application 1.3//EN'
 'http://java.sun.com/dtd/application_1_3.dtd'>

<application>
  <display-name>Medical Records Start Browser Application</display-name>
  <description>Starts browse when servlet in web app is initalized</description>
  <module>
    <web>
      <web-uri>startupWebApp</web-uri>
      <context-root>webapp_used_for browser_pop_up_only</context-root>
    </web>
  </module>
</application>

